,AQ_1,AQ_2,AQ_3,AQ_4,AQ_5,AQ_6,AQ_7,AQ_8,AQ_9,AQ_10,AQ_11,AQ_12,AQ_13,AQ_14,AQ_15,AQ_16,AQ_17,AQ_18,AQ_19,AQ_20,AQ_21,AQ_22,AQ_23,AQ_24,AQ_25,AQ_26,AQ_27,AQ_28,AQ_29,AQ_30,AQ_31,AQ_32,AQ_33,AQ_34,AQ_35,AQ_36,AQ_37,AQ_38,AQ_39,AQ_40,AQ_41,AQ_42,AQ_43,AQ_44,AQ_45,AQ_46,AQ_47,AQ_48,AQ_49,AQ_50,AQ_1_scored,AQ_2_scored,AQ_3_scored,AQ_4_scored,AQ_5_scored,AQ_6_scored,AQ_7_scored,AQ_8_scored,AQ_9_scored,AQ_10_scored,AQ_11_scored,AQ_12_scored,AQ_13_scored,AQ_14_scored,AQ_15_scored,AQ_16_scored,AQ_17_scored,AQ_18_scored,AQ_19_scored,AQ_20_scored,AQ_21_scored,AQ_22_scored,AQ_23_scored,AQ_24_scored,AQ_25_scored,AQ_26_scored,AQ_27_scored,AQ_28_scored,AQ_29_scored,AQ_30_scored,AQ_31_scored,AQ_32_scored,AQ_33_scored,AQ_34_scored,AQ_35_scored,AQ_36_scored,AQ_37_scored,AQ_38_scored,AQ_39_scored,AQ_40_scored,AQ_41_scored,AQ_42_scored,AQ_43_scored,AQ_44_scored,AQ_45_scored,AQ_46_scored,AQ_47_scored,AQ_48_scored,AQ_49_scored,AQ_50_scored,SocialSK,AttenSW,ATD,Commun,Imag,ShortForm_AQ10,Total
,,,,,,,,,,,,,,,,,,,,,,,,,,,,,,,,,,,,,,,,,,,,,,,,,,,,,,,,,,,,,,,,,,,,,,,,,,,,,,,,,,,,,,,,,,,,,,,,,,,,,,,,,,,
,,,,,,,,,,,,,,,,,,,,,,,,,,,,,,,,,,,,,,,,,,,,,,,,,,,,,,,,,,,,,,,,,,,,,,,,,,,,,,,,,,,,,,,,,,,,,,,,,,,,,,,,,,,
,,,,,,,,,,,,,,,,,,,,,,,,,,,,,,,,,,,,,,,,,,,,,,,,,,,,,,,,,,,,,,,,,,,,,,,,,,,,,,,,,,,,,,,,,,,,,,,,,,,,,,,,,,,
,,,,,,,,,,,,,,,,,,,,,,,,,,,,,,,,,,,,,,,,,,,,,,,,,,,,,,,,,,,,,,,,,,,,,,,,,,,,,,,,,,,,,,,,,,,,,,,,,,,,,,,,,,,
,,,,,,,,,,,,,,,,,,,,,,,,,,,,,,,,,,,,,,,,,,,,,,,,,,,,,,,,,,,,,,,,,,,,,,,,,,,,,,,,,,,,,,,,,,,,,,,,,,,,,,,,,,,
,,,,,,,,,,,,,,,,,,,,,,,,,,,,,,,,,,,,,,,,,,,,,,,,,,,,,,,,,,,,,,,,,,,,,,,,,,,,,,,,,,,,,,,,,,,,,,,,,,,,,,,,,,,
,,,,,,,,,,,,,,,,,,,,,,,,,,,,,,,,,,,,,,,,,,,,,,,,,,,,,,,,,,,,,,,,,,,,,,,,,,,,,,,,,,,,,,,,,,,,,,,,,,,,,,,,,,,
,,,,,,,,,,,,,,,,,,,,,,,,,,,,,,,,,,,,,,,,,,,,,,,,,,,,,,,,,,,,,,,,,,,,,,,,,,,,,,,,,,,,,,,,,,,,,,,,,,,,,,,,,,,
,,,,,,,,,,,,,,,,,,,,,,,,,,,,,,,,,,,,,,,,,,,,,,,,,,,,,,,,,,,,,,,,,,,,,,,,,,,,,,,,,,,,,,,,,,,,,,,,,,,,,,,,,,,
,,,,,,,,,,,,,,,,,,,,,,,,,,,,,,,,,,,,,,,,,,,,,,,,,,,,,,,,,,,,,,,,,,,,,,,,,,,,,,,,,,,,,,,,,,,,,,,,,,,,,,,,,,,
,,,,,,,,,,,,,,,,,,,,,,,,,,,,,,,,,,,,,,,,,,,,,,,,,,,,,,,,,,,,,,,,,,,,,,,,,,,,,,,,,,,,,,,,,,,,,,,,,,,,,,,,,,,
,,,,,,,,,,,,,,,,,,,,,,,,,,,,,,,,,,,,,,,,,,,,,,,,,,,,,,,,,,,,,,,,,,,,,,,,,,,,,,,,,,,,,,,,,,,,,,,,,,,,,,,,,,,
,,,,,,,,,,,,,,,,,,,,,,,,,,,,,,,,,,,,,,,,,,,,,,,,,,,,,,,,,,,,,,,,,,,,,,,,,,,,,,,,,,,,,,,,,,,,,,,,,,,,,,,,,,,
,,,,,,,,,,,,,,,,,,,,,,,,,,,,,,,,,,,,,,,,,,,,,,,,,,,,,,,,,,,,,,,,,,,,,,,,,,,,,,,,,,,,,,,,,,,,,,,,,,,,,,,,,,,
,,,,,,,,,,,,,,,,,,,,,,,,,,,,,,,,,,,,,,,,,,,,,,,,,,,,,,,,,,,,,,,,,,,,,,,,,,,,,,,,,,,,,,,,,,,,,,,,,,,,,,,,,,,
,,,,,,,,,,,,,,,,,,,,,,,,,,,,,,,,,,,,,,,,,,,,,,,,,,,,,,,,,,,,,,,,,,,,,,,,,,,,,,,,,,,,,,,,,,,,,,,,,,,,,,,,,,,
,,,,,,,,,,,,,,,,,,,,,,,,,,,,,,,,,,,,,,,,,,,,,,,,,,,,,,,,,,,,,,,,,,,,,,,,,,,,,,,,,,,,,,,,,,,,,,,,,,,,,,,,,,,
,,,,,,,,,,,,,,,,,,,,,,,,,,,,,,,,,,,,,,,,,,,,,,,,,,,,,,,,,,,,,,,,,,,,,,,,,,,,,,,,,,,,,,,,,,,,,,,,,,,,,,,,,,,
,,,,,,,,,,,,,,,,,,,,,,,,,,,,,,,,,,,,,,,,,,,,,,,,,,,,,,,,,,,,,,,,,,,,,,,,,,,,,,,,,,,,,,,,,,,,,,,,,,,,,,,,,,,
,,,,,,,,,,,,,,,,,,,,,,,,,,,,,,,,,,,,,,,,,,,,,,,,,,,,,,,,,,,,,,,,,,,,,,,,,,,,,,,,,,,,,,,,,,,,,,,,,,,,,,,,,,,
,,,,,,,,,,,,,,,,,,,,,,,,,,,,,,,,,,,,,,,,,,,,,,,,,,,,,,,,,,,,,,,,,,,,,,,,,,,,,,,,,,,,,,,,,,,,,,,,,,,,,,,,,,,
,,,,,,,,,,,,,,,,,,,,,,,,,,,,,,,,,,,,,,,,,,,,,,,,,,,,,,,,,,,,,,,,,,,,,,,,,,,,,,,,,,,,,,,,,,,,,,,,,,,,,,,,,,,
,,,,,,,,,,,,,,,,,,,,,,,,,,,,,,,,,,,,,,,,,,,,,,,,,,,,,,,,,,,,,,,,,,,,,,,,,,,,,,,,,,,,,,,,,,,,,,,,,,,,,,,,,,,
,,,,,,,,,,,,,,,,,,,,,,,,,,,,,,,,,,,,,,,,,,,,,,,,,,,,,,,,,,,,,,,,,,,,,,,,,,,,,,,,,,,,,,,,,,,,,,,,,,,,,,,,,,,
,,,,,,,,,,,,,,,,,,,,,,,,,,,,,,,,,,,,,,,,,,,,,,,,,,,,,,,,,,,,,,,,,,,,,,,,,,,,,,,,,,,,,,,,,,,,,,,,,,,,,,,,,,,
,,,,,,,,,,,,,,,,,,,,,,,,,,,,,,,,,,,,,,,,,,,,,,,,,,,,,,,,,,,,,,,,,,,,,,,,,,,,,,,,,,,,,,,,,,,,,,,,,,,,,,,,,,,
,,,,,,,,,,,,,,,,,,,,,,,,,,,,,,,,,,,,,,,,,,,,,,,,,,,,,,,,,,,,,,,,,,,,,,,,,,,,,,,,,,,,,,,,,,,,,,,,,,,,,,,,,,,
,,,,,,,,,,,,,,,,,,,,,,,,,,,,,,,,,,,,,,,,,,,,,,,,,,,,,,,,,,,,,,,,,,,,,,,,,,,,,,,,,,,,,,,,,,,,,,,,,,,,,,,,,,,
,,,,,,,,,,,,,,,,,,,,,,,,,,,,,,,,,,,,,,,,,,,,,,,,,,,,,,,,,,,,,,,,,,,,,,,,,,,,,,,,,,,,,,,,,,,,,,,,,,,,,,,,,,,
,,,,,,,,,,,,,,,,,,,,,,,,,,,,,,,,,,,,,,,,,,,,,,,,,,,,,,,,,,,,,,,,,,,,,,,,,,,,,,,,,,,,,,,,,,,,,,,,,,,,,,,,,,,
,,,,,,,,,,,,,,,,,,,,,,,,,,,,,,,,,,,,,,,,,,,,,,,,,,,,,,,,,,,,,,,,,,,,,,,,,,,,,,,,,,,,,,,,,,,,,,,,,,,,,,,,,,,
,,,,,,,,,,,,,,,,,,,,,,,,,,,,,,,,,,,,,,,,,,,,,,,,,,,,,,,,,,,,,,,,,,,,,,,,,,,,,,,,,,,,,,,,,,,,,,,,,,,,,,,,,,,
,,,,,,,,,,,,,,,,,,,,,,,,,,,,,,,,,,,,,,,,,,,,,,,,,,,,,,,,,,,,,,,,,,,,,,,,,,,,,,,,,,,,,,,,,,,,,,,,,,,,,,,,,,,
,,,,,,,,,,,,,,,,,,,,,,,,,,,,,,,,,,,,,,,,,,,,,,,,,,,,,,,,,,,,,,,,,,,,,,,,,,,,,,,,,,,,,,,,,,,,,,,,,,,,,,,,,,,
,,,,,,,,,,,,,,,,,,,,,,,,,,,,,,,,,,,,,,,,,,,,,,,,,,,,,,,,,,,,,,,,,,,,,,,,,,,,,,,,,,,,,,,,,,,,,,,,,,,,,,,,,,,
,,,,,,,,,,,,,,,,,,,,,,,,,,,,,,,,,,,,,,,,,,,,,,,,,,,,,,,,,,,,,,,,,,,,,,,,,,,,,,,,,,,,,,,,,,,,,,,,,,,,,,,,,,,
,,,,,,,,,,,,,,,,,,,,,,,,,,,,,,,,,,,,,,,,,,,,,,,,,,,,,,,,,,,,,,,,,,,,,,,,,,,,,,,,,,,,,,,,,,,,,,,,,,,,,,,,,,,
,,,,,,,,,,,,,,,,,,,,,,,,,,,,,,,,,,,,,,,,,,,,,,,,,,,,,,,,,,,,,,,,,,,,,,,,,,,,,,,,,,,,,,,,,,,,,,,,,,,,,,,,,,,
,,,,,,,,,,,,,,,,,,,,,,,,,,,,,,,,,,,,,,,,,,,,,,,,,,,,,,,,,,,,,,,,,,,,,,,,,,,,,,,,,,,,,,,,,,,,,,,,,,,,,,,,,,,
,,,,,,,,,,,,,,,,,,,,,,,,,,,,,,,,,,,,,,,,,,,,,,,,,,,,,,,,,,,,,,,,,,,,,,,,,,,,,,,,,,,,,,,,,,,,,,,,,,,,,,,,,,,
,,,,,,,,,,,,,,,,,,,,,,,,,,,,,,,,,,,,,,,,,,,,,,,,,,,,,,,,,,,,,,,,,,,,,,,,,,,,,,,,,,,,,,,,,,,,,,,,,,,,,,,,,,,
,,,,,,,,,,,,,,,,,,,,,,,,,,,,,,,,,,,,,,,,,,,,,,,,,,,,,,,,,,,,,,,,,,,,,,,,,,,,,,,,,,,,,,,,,,,,,,,,,,,,,,,,,,,
,,,,,,,,,,,,,,,,,,,,,,,,,,,,,,,,,,,,,,,,,,,,,,,,,,,,,,,,,,,,,,,,,,,,,,,,,,,,,,,,,,,,,,,,,,,,,,,,,,,,,,,,,,,
,,,,,,,,,,,,,,,,,,,,,,,,,,,,,,,,,,,,,,,,,,,,,,,,,,,,,,,,,,,,,,,,,,,,,,,,,,,,,,,,,,,,,,,,,,,,,,,,,,,,,,,,,,,
,,,,,,,,,,,,,,,,,,,,,,,,,,,,,,,,,,,,,,,,,,,,,,,,,,,,,,,,,,,,,,,,,,,,,,,,,,,,,,,,,,,,,,,,,,,,,,,,,,,,,,,,,,,
,,,,,,,,,,,,,,,,,,,,,,,,,,,,,,,,,,,,,,,,,,,,,,,,,,,,,,,,,,,,,,,,,,,,,,,,,,,,,,,,,,,,,,,,,,,,,,,,,,,,,,,,,,,
,,,,,,,,,,,,,,,,,,,,,,,,,,,,,,,,,,,,,,,,,,,,,,,,,,,,,,,,,,,,,,,,,,,,,,,,,,,,,,,,,,,,,,,,,,,,,,,,,,,,,,,,,,,
,,,,,,,,,,,,,,,,,,,,,,,,,,,,,,,,,,,,,,,,,,,,,,,,,,,,,,,,,,,,,,,,,,,,,,,,,,,,,,,,,,,,,,,,,,,,,,,,,,,,,,,,,,,
,,,,,,,,,,,,,,,,,,,,,,,,,,,,,,,,,,,,,,,,,,,,,,,,,,,,,,,,,,,,,,,,,,,,,,,,,,,,,,,,,,,,,,,,,,,,,,,,,,,,,,,,,,,
,,,,,,,,,,,,,,,,,,,,,,,,,,,,,,,,,,,,,,,,,,,,,,,,,,,,,,,,,,,,,,,,,,,,,,,,,,,,,,,,,,,,,,,,,,,,,,,,,,,,,,,,,,,
,,,,,,,,,,,,,,,,,,,,,,,,,,,,,,,,,,,,,,,,,,,,,,,,,,,,,,,,,,,,,,,,,,,,,,,,,,,,,,,,,,,,,,,,,,,,,,,,,,,,,,,,,,,
,,,,,,,,,,,,,,,,,,,,,,,,,,,,,,,,,,,,,,,,,,,,,,,,,,,,,,,,,,,,,,,,,,,,,,,,,,,,,,,,,,,,,,,,,,,,,,,,,,,,,,,,,,,
,,,,,,,,,,,,,,,,,,,,,,,,,,,,,,,,,,,,,,,,,,,,,,,,,,,,,,,,,,,,,,,,,,,,,,,,,,,,,,,,,,,,,,,,,,,,,,,,,,,,,,,,,,,
,,,,,,,,,,,,,,,,,,,,,,,,,,,,,,,,,,,,,,,,,,,,,,,,,,,,,,,,,,,,,,,,,,,,,,,,,,,,,,,,,,,,,,,,,,,,,,,,,,,,,,,,,,,
,,,,,,,,,,,,,,,,,,,,,,,,,,,,,,,,,,,,,,,,,,,,,,,,,,,,,,,,,,,,,,,,,,,,,,,,,,,,,,,,,,,,,,,,,,,,,,,,,,,,,,,,,,,
,,,,,,,,,,,,,,,,,,,,,,,,,,,,,,,,,,,,,,,,,,,,,,,,,,,,,,,,,,,,,,,,,,,,,,,,,,,,,,,,,,,,,,,,,,,,,,,,,,,,,,,,,,,
,,,,,,,,,,,,,,,,,,,,,,,,,,,,,,,,,,,,,,,,,,,,,,,,,,,,,,,,,,,,,,,,,,,,,,,,,,,,,,,,,,,,,,,,,,,,,,,,,,,,,,,,,,,
,,,,,,,,,,,,,,,,,,,,,,,,,,,,,,,,,,,,,,,,,,,,,,,,,,,,,,,,,,,,,,,,,,,,,,,,,,,,,,,,,,,,,,,,,,,,,,,,,,,,,,,,,,,
,,,,,,,,,,,,,,,,,,,,,,,,,,,,,,,,,,,,,,,,,,,,,,,,,,,,,,,,,,,,,,,,,,,,,,,,,,,,,,,,,,,,,,,,,,,,,,,,,,,,,,,,,,,
,,,,,,,,,,,,,,,,,,,,,,,,,,,,,,,,,,,,,,,,,,,,,,,,,,,,,,,,,,,,,,,,,,,,,,,,,,,,,,,,,,,,,,,,,,,,,,,,,,,,,,,,,,,
,,,,,,,,,,,,,,,,,,,,,,,,,,,,,,,,,,,,,,,,,,,,,,,,,,,,,,,,,,,,,,,,,,,,,,,,,,,,,,,,,,,,,,,,,,,,,,,,,,,,,,,,,,,
,,,,,,,,,,,,,,,,,,,,,,,,,,,,,,,,,,,,,,,,,,,,,,,,,,,,,,,,,,,,,,,,,,,,,,,,,,,,,,,,,,,,,,,,,,,,,,,,,,,,,,,,,,,
,,,,,,,,,,,,,,,,,,,,,,,,,,,,,,,,,,,,,,,,,,,,,,,,,,,,,,,,,,,,,,,,,,,,,,,,,,,,,,,,,,,,,,,,,,,,,,,,,,,,,,,,,,,
,,,,,,,,,,,,,,,,,,,,,,,,,,,,,,,,,,,,,,,,,,,,,,,,,,,,,,,,,,,,,,,,,,,,,,,,,,,,,,,,,,,,,,,,,,,,,,,,,,,,,,,,,,,
,,,,,,,,,,,,,,,,,,,,,,,,,,,,,,,,,,,,,,,,,,,,,,,,,,,,,,,,,,,,,,,,,,,,,,,,,,,,,,,,,,,,,,,,,,,,,,,,,,,,,,,,,,,
,,,,,,,,,,,,,,,,,,,,,,,,,,,,,,,,,,,,,,,,,,,,,,,,,,,,,,,,,,,,,,,,,,,,,,,,,,,,,,,,,,,,,,,,,,,,,,,,,,,,,,,,,,,
,,,,,,,,,,,,,,,,,,,,,,,,,,,,,,,,,,,,,,,,,,,,,,,,,,,,,,,,,,,,,,,,,,,,,,,,,,,,,,,,,,,,,,,,,,,,,,,,,,,,,,,,,,,
,,,,,,,,,,,,,,,,,,,,,,,,,,,,,,,,,,,,,,,,,,,,,,,,,,,,,,,,,,,,,,,,,,,,,,,,,,,,,,,,,,,,,,,,,,,,,,,,,,,,,,,,,,,
,,,,,,,,,,,,,,,,,,,,,,,,,,,,,,,,,,,,,,,,,,,,,,,,,,,,,,,,,,,,,,,,,,,,,,,,,,,,,,,,,,,,,,,,,,,,,,,,,,,,,,,,,,,
,,,,,,,,,,,,,,,,,,,,,,,,,,,,,,,,,,,,,,,,,,,,,,,,,,,,,,,,,,,,,,,,,,,,,,,,,,,,,,,,,,,,,,,,,,,,,,,,,,,,,,,,,,,
,,,,,,,,,,,,,,,,,,,,,,,,,,,,,,,,,,,,,,,,,,,,,,,,,,,,,,,,,,,,,,,,,,,,,,,,,,,,,,,,,,,,,,,,,,,,,,,,,,,,,,,,,,,
,,,,,,,,,,,,,,,,,,,,,,,,,,,,,,,,,,,,,,,,,,,,,,,,,,,,,,,,,,,,,,,,,,,,,,,,,,,,,,,,,,,,,,,,,,,,,,,,,,,,,,,,,,,
,,,,,,,,,,,,,,,,,,,,,,,,,,,,,,,,,,,,,,,,,,,,,,,,,,,,,,,,,,,,,,,,,,,,,,,,,,,,,,,,,,,,,,,,,,,,,,,,,,,,,,,,,,,
,,,,,,,,,,,,,,,,,,,,,,,,,,,,,,,,,,,,,,,,,,,,,,,,,,,,,,,,,,,,,,,,,,,,,,,,,,,,,,,,,,,,,,,,,,,,,,,,,,,,,,,,,,,
,,,,,,,,,,,,,,,,,,,,,,,,,,,,,,,,,,,,,,,,,,,,,,,,,,,,,,,,,,,,,,,,,,,,,,,,,,,,,,,,,,,,,,,,,,,,,,,,,,,,,,,,,,,
,,,,,,,,,,,,,,,,,,,,,,,,,,,,,,,,,,,,,,,,,,,,,,,,,,,,,,,,,,,,,,,,,,,,,,,,,,,,,,,,,,,,,,,,,,,,,,,,,,,,,,,,,,,
,,,,,,,,,,,,,,,,,,,,,,,,,,,,,,,,,,,,,,,,,,,,,,,,,,,,,,,,,,,,,,,,,,,,,,,,,,,,,,,,,,,,,,,,,,,,,,,,,,,,,,,,,,,
,,,,,,,,,,,,,,,,,,,,,,,,,,,,,,,,,,,,,,,,,,,,,,,,,,,,,,,,,,,,,,,,,,,,,,,,,,,,,,,,,,,,,,,,,,,,,,,,,,,,,,,,,,,
,,,,,,,,,,,,,,,,,,,,,,,,,,,,,,,,,,,,,,,,,,,,,,,,,,,,,,,,,,,,,,,,,,,,,,,,,,,,,,,,,,,,,,,,,,,,,,,,,,,,,,,,,,,
,,,,,,,,,,,,,,,,,,,,,,,,,,,,,,,,,,,,,,,,,,,,,,,,,,,,,,,,,,,,,,,,,,,,,,,,,,,,,,,,,,,,,,,,,,,,,,,,,,,,,,,,,,,
,,,,,,,,,,,,,,,,,,,,,,,,,,,,,,,,,,,,,,,,,,,,,,,,,,,,,,,,,,,,,,,,,,,,,,,,,,,,,,,,,,,,,,,,,,,,,,,,,,,,,,,,,,,
,,,,,,,,,,,,,,,,,,,,,,,,,,,,,,,,,,,,,,,,,,,,,,,,,,,,,,,,,,,,,,,,,,,,,,,,,,,,,,,,,,,,,,,,,,,,,,,,,,,,,,,,,,,
,,,,,,,,,,,,,,,,,,,,,,,,,,,,,,,,,,,,,,,,,,,,,,,,,,,,,,,,,,,,,,,,,,,,,,,,,,,,,,,,,,,,,,,,,,,,,,,,,,,,,,,,,,,
,,,,,,,,,,,,,,,,,,,,,,,,,,,,,,,,,,,,,,,,,,,,,,,,,,,,,,,,,,,,,,,,,,,,,,,,,,,,,,,,,,,,,,,,,,,,,,,,,,,,,,,,,,,
,,,,,,,,,,,,,,,,,,,,,,,,,,,,,,,,,,,,,,,,,,,,,,,,,,,,,,,,,,,,,,,,,,,,,,,,,,,,,,,,,,,,,,,,,,,,,,,,,,,,,,,,,,,
,,,,,,,,,,,,,,,,,,,,,,,,,,,,,,,,,,,,,,,,,,,,,,,,,,,,,,,,,,,,,,,,,,,,,,,,,,,,,,,,,,,,,,,,,,,,,,,,,,,,,,,,,,,
,,,,,,,,,,,,,,,,,,,,,,,,,,,,,,,,,,,,,,,,,,,,,,,,,,,,,,,,,,,,,,,,,,,,,,,,,,,,,,,,,,,,,,,,,,,,,,,,,,,,,,,,,,,
,,,,,,,,,,,,,,,,,,,,,,,,,,,,,,,,,,,,,,,,,,,,,,,,,,,,,,,,,,,,,,,,,,,,,,,,,,,,,,,,,,,,,,,,,,,,,,,,,,,,,,,,,,,
,,,,,,,,,,,,,,,,,,,,,,,,,,,,,,,,,,,,,,,,,,,,,,,,,,,,,,,,,,,,,,,,,,,,,,,,,,,,,,,,,,,,,,,,,,,,,,,,,,,,,,,,,,,
,,,,,,,,,,,,,,,,,,,,,,,,,,,,,,,,,,,,,,,,,,,,,,,,,,,,,,,,,,,,,,,,,,,,,,,,,,,,,,,,,,,,,,,,,,,,,,,,,,,,,,,,,,,
,,,,,,,,,,,,,,,,,,,,,,,,,,,,,,,,,,,,,,,,,,,,,,,,,,,,,,,,,,,,,,,,,,,,,,,,,,,,,,,,,,,,,,,,,,,,,,,,,,,,,,,,,,,
,,,,,,,,,,,,,,,,,,,,,,,,,,,,,,,,,,,,,,,,,,,,,,,,,,,,,,,,,,,,,,,,,,,,,,,,,,,,,,,,,,,,,,,,,,,,,,,,,,,,,,,,,,,
,,,,,,,,,,,,,,,,,,,,,,,,,,,,,,,,,,,,,,,,,,,,,,,,,,,,,,,,,,,,,,,,,,,,,,,,,,,,,,,,,,,,,,,,,,,,,,,,,,,,,,,,,,,
,,,,,,,,,,,,,,,,,,,,,,,,,,,,,,,,,,,,,,,,,,,,,,,,,,,,,,,,,,,,,,,,,,,,,,,,,,,,,,,,,,,,,,,,,,,,,,,,,,,,,,,,,,,
,,,,,,,,,,,,,,,,,,,,,,,,,,,,,,,,,,,,,,,,,,,,,,,,,,,,,,,,,,,,,,,,,,,,,,,,,,,,,,,,,,,,,,,,,,,,,,,,,,,,,,,,,,,
,,,,,,,,,,,,,,,,,,,,,,,,,,,,,,,,,,,,,,,,,,,,,,,,,,,,,,,,,,,,,,,,,,,,,,,,,,,,,,,,,,,,,,,,,,,,,,,,,,,,,,,,,,,
,,,,,,,,,,,,,,,,,,,,,,,,,,,,,,,,,,,,,,,,,,,,,,,,,,,,,,,,,,,,,,,,,,,,,,,,,,,,,,,,,,,,,,,,,,,,,,,,,,,,,,,,,,,
,,,,,,,,,,,,,,,,,,,,,,,,,,,,,,,,,,,,,,,,,,,,,,,,,,,,,,,,,,,,,,,,,,,,,,,,,,,,,,,,,,,,,,,,,,,,,,,,,,,,,,,,,,,
,,,,,,,,,,,,,,,,,,,,,,,,,,,,,,,,,,,,,,,,,,,,,,,,,,,,,,,,,,,,,,,,,,,,,,,,,,,,,,,,,,,,,,,,,,,,,,,,,,,,,,,,,,,
,,,,,,,,,,,,,,,,,,,,,,,,,,,,,,,,,,,,,,,,,,,,,,,,,,,,,,,,,,,,,,,,,,,,,,,,,,,,,,,,,,,,,,,,,,,,,,,,,,,,,,,,,,,
,,,,,,,,,,,,,,,,,,,,,,,,,,,,,,,,,,,,,,,,,,,,,,,,,,,,,,,,,,,,,,,,,,,,,,,,,,,,,,,,,,,,,,,,,,,,,,,,,,,,,,,,,,,
101,,,,,,,,,,,,,,,,,,,,,,,,,,,,,,,,,,,,,,,,,,,,,,,,,,,,,,,,,,,,,,,,,,,,,,,,,,,,,,,,,,,,,,,,,,,,,,,,,,,,,,,,,,,
102,Slightly Disagree,Slightly Disagree,Definitely Disagree,Slightly Agree,Slightly Agree,Definitely Disagree,Slightly Disagree,Slightly Agree,Slightly Disagree,Slightly Disagree,Slightly Disagree,Slightly Agree,Slightly Agree,Slightly Disagree,Slightly Agree,Slightly Disagree,Slightly Disagree,Slightly Agree,Slightly Disagree,Slightly Agree,Definitely Disagree,Slightly Agree,Slightly Disagree,Slightly Disagree,Slightly Agree,Slightly Agree,Slightly Agree,Definitely Disagree,Definitely Agree,Slightly Agree,Slightly Agree,Slightly Agree,Slightly Agree,Slightly Agree,Definitely Agree,Slightly Agree,Slightly Agree,Slightly Disagree,Slightly Agree,Slightly Agree,Definitely Disagree,Definitely Agree,Slightly Agree,Slightly Disagree,Slightly Agree,Slightly Agree,Slightly Agree,Slightly Agree,Slightly Agree,Slightly Disagree,0,0,1,1,1,0,0,0,0,1,1,1,1,1,0,0,1,1,0,1,0,1,0,1,0,1,0,1,0,0,0,0,1,0,1,0,0,1,1,0,0,1,1,1,1,1,0,0,0,1,5,4,3,7,6,7,25
103,Definitely Agree,Definitely Agree,Definitely Agree,Slightly Agree,Definitely Agree,Slightly Agree,Slightly Agree,Definitely Agree,Slightly Agree,Slightly Disagree,Definitely Disagree,Definitely Agree,Slightly Agree,Slightly Agree,Definitely Disagree,Definitely Agree,Slightly Disagree,Definitely Agree,Slightly Agree,Slightly Disagree,Slightly Disagree,Definitely Agree,Slightly Agree,Definitely Disagree,Definitely Disagree,Slightly Agree,Slightly Disagree,Slightly Disagree,Slightly Agree,Slightly Disagree,Slightly Disagree,Slightly Disagree,Slightly Disagree,Slightly Disagree,Slightly Agree,Slightly Disagree,Slightly Disagree,Slightly Disagree,Slightly Agree,Definitely Disagree,Slightly Disagree,Slightly Agree,Definitely Agree,Slightly Disagree,Slightly Agree,Definitely Agree,Slightly Disagree,Slightly Disagree,Definitely Agree,Definitely Disagree,1,1,0,1,1,1,1,0,1,1,1,1,1,0,1,1,1,1,1,0,0,1,1,1,1,1,1,1,0,1,1,1,0,1,1,1,1,1,1,1,0,1,1,1,1,1,1,1,0,1,10,10,8,9,4,9,41
104,Slightly Agree,Slightly Disagree,Definitely Disagree,Slightly Disagree,Definitely Agree,Slightly Agree,Definitely Disagree,Slightly Disagree,Definitely Disagree,Definitely Agree,Slightly Agree,Slightly Agree,Slightly Disagree,Definitely Disagree,Slightly Disagree,Definitely Disagree,Definitely Agree,Definitely Disagree,Definitely Disagree,Slightly Agree,Definitely Agree,Slightly Disagree,Definitely Disagree,Slightly Agree,Slightly Agree,Slightly Disagree,Definitely Agree,Slightly Agree,Slightly Agree,Definitely Disagree,Definitely Disagree,Definitely Agree,Definitely Disagree,Slightly Agree,Definitely Disagree,Definitely Agree,Slightly Agree,Slightly Agree,Slightly Disagree,Slightly Disagree,Definitely Disagree,Definitely Disagree,Slightly Agree,Slightly Agree,Definitely Disagree,Slightly Agree,Slightly Agree,Slightly Agree,Definitely Agree,Slightly Agree,1,0,1,0,1,1,0,1,0,0,0,1,0,1,1,0,0,0,0,1,1,0,0,0,0,0,0,0,0,1,1,0,0,0,0,0,0,0,0,1,0,0,1,0,0,1,0,0,0,0,2,2,4,1,6,3,15
105,Slightly Agree,Slightly Disagree,Definitely Agree,Slightly Disagree,Slightly Disagree,Slightly Disagree,Definitely Disagree,Definitely Agree,Definitely Disagree,Slightly Agree,Definitely Agree,Slightly Disagree,Definitely Disagree,Definitely Agree,Definitely Agree,Slightly Disagree,Definitely Agree,Slightly Disagree,Definitely Disagree,Slightly Agree,Definitely Disagree,Definitely Disagree,Definitely Disagree,Slightly Agree,Slightly Agree,Slightly Disagree,Slightly Disagree,Slightly Disagree,Definitely Agree,Slightly Agree,Slightly Agree,Definitely Agree,Definitely Disagree,Definitely Agree,Definitely Disagree,Slightly Disagree,Definitely Agree,Definitely Agree,Definitely Disagree,Slightly Agree,Definitely Disagree,Definitely Disagree,Slightly Disagree,Definitely Agree,Slightly Disagree,Slightly Disagree,Definitely Agree,Slightly Agree,Definitely Agree,Definitely Agree,1,0,0,0,0,0,0,0,0,0,0,0,0,0,0,0,0,0,0,1,0,0,0,0,0,0,1,1,0,0,0,0,0,0,0,1,0,0,0,0,0,0,0,0,0,0,0,0,0,0,2,0,1,1,1,3,5
106,Slightly Agree,Slightly Disagree,Definitely Agree,Slightly Disagree,Definitely Agree,Definitely Agree,Definitely Disagree,Definitely Agree,Slightly Agree,Definitely Agree,Slightly Disagree,Definitely Agree,Slightly Disagree,Slightly Agree,Slightly Agree,Slightly Disagree,Definitely Agree,Slightly Disagree,Slightly Agree,Definitely Agree,Definitely Disagree,Slightly Agree,Slightly Agree,Slightly Disagree,Slightly Agree,Definitely Disagree,Definitely Agree,Slightly Agree,Slightly Agree,Definitely Disagree,Definitely Agree,Definitely Agree,Definitely Disagree,Slightly Agree,Slightly Agree,Definitely Agree,Slightly Agree,Definitely Agree,Slightly Disagree,Definitely Agree,Slightly Disagree,Slightly Disagree,Definitely Agree,Definitely Agree,Slightly Agree,Definitely Agree,Definitely Agree,Slightly Agree,Definitely Disagree,Slightly Agree,1,0,0,0,1,1,0,0,1,0,1,1,0,0,0,0,0,0,1,1,0,1,1,1,0,0,0,0,0,1,0,0,0,0,1,0,0,0,0,0,0,0,1,0,1,1,0,0,1,0,4,2,8,1,2,3,17
107,Definitely Agree,Slightly Agree,Slightly Agree,Definitely Agree,Definitely Agree,Definitely Agree,Definitely Disagree,Slightly Agree,Definitely Disagree,Slightly Disagree,Definitely Disagree,Definitely Agree,Definitely Agree,Slightly Agree,Slightly Disagree,Slightly Agree,Slightly Agree,Slightly Agree,Slightly Disagree,Slightly Agree,Definitely Disagree,Definitely Agree,Definitely Disagree,Slightly Agree,Slightly Agree,Slightly Agree,Definitely Agree,Slightly Disagree,Slightly Disagree,Definitely Disagree,Definitely Disagree,Definitely Agree,Slightly Disagree,Slightly Agree,Definitely Disagree,Definitely Agree,Definitely Agree,Slightly Disagree,Definitely Agree,Slightly Agree,Slightly Disagree,Slightly Agree,Slightly Agree,Definitely Disagree,Definitely Disagree,Definitely Agree,Definitely Disagree,Definitely Agree,Definitely Disagree,Definitely Agree,1,1,0,1,1,1,0,0,0,1,1,1,1,0,1,1,0,1,0,1,0,1,0,0,0,1,0,1,1,1,1,0,0,0,0,0,0,1,1,0,0,1,1,1,0,1,1,0,1,0,7,6,7,5,2,7,27
108,Slightly Agree,Definitely Agree,Definitely Agree,Slightly Disagree,Definitely Agree,Definitely Agree,Slightly Agree,Definitely Agree,Definitely Agree,Definitely Agree,Definitely Agree,Definitely Agree,Slightly Disagree,Slightly Disagree,Slightly Agree,Slightly Disagree,Definitely Agree,Slightly Agree,Slightly Disagree,Slightly Agree,Definitely Disagree,Definitely Disagree,Slightly Agree,Slightly Disagree,Slightly Disagree,Definitely Agree,Definitely Agree,Slightly Disagree,Definitely Disagree,Definitely Disagree,Definitely Agree,Slightly Agree,Definitely Disagree,Definitely Disagree,Definitely Disagree,Slightly Agree,Slightly Agree,Definitely Agree,Slightly Agree,Slightly Disagree,Definitely Disagree,Slightly Disagree,Definitely Agree,Definitely Agree,Definitely Disagree,Slightly Agree,Definitely Agree,Definitely Agree,Definitely Agree,Slightly Disagree,1,1,0,0,1,1,1,0,1,0,0,1,0,1,0,0,0,1,0,1,0,0,1,1,1,1,0,1,1,1,0,0,0,1,0,0,0,0,1,1,0,0,1,0,0,1,0,0,0,1,1,5,8,4,5,5,23
109,Definitely Disagree,Slightly Disagree,Definitely Agree,Definitely Disagree,Slightly Agree,Slightly Agree,Definitely Disagree,Slightly Agree,Definitely Disagree,Definitely Agree,Slightly Agree,Definitely Agree,Definitely Disagree,Slightly Agree,Slightly Disagree,Definitely Disagree,Definitely Agree,Definitely Agree,Definitely Disagree,Definitely Agree,Slightly Agree,Slightly Disagree,Slightly Agree,Slightly Disagree,Slightly Agree,Definitely Disagree,Definitely Agree,Slightly Disagree,Slightly Agree,Definitely Disagree,Definitely Disagree,Definitely Agree,Definitely Disagree,Slightly Disagree,Slightly Agree,Slightly Agree,Definitely Agree,Definitely Agree,Definitely Agree,Slightly Disagree,Definitely Disagree,Slightly Disagree,Slightly Agree,Slightly Agree,Definitely Disagree,Slightly Agree,Slightly Disagree,Definitely Agree,Slightly Agree,Slightly Disagree,0,0,0,0,1,1,0,0,0,0,0,1,0,0,1,0,0,1,0,1,1,0,1,1,0,0,0,1,0,1,1,0,0,1,1,0,0,0,1,1,0,0,1,0,0,1,1,0,0,1,2,3,6,4,5,4,20
110,Slightly Agree,Slightly Disagree,Slightly Disagree,Slightly Disagree,Slightly Agree,Slightly Agree,Slightly Disagree,Slightly Agree,Slightly Agree,Slightly Agree,Slightly Agree,Definitely Agree,Slightly Agree,Slightly Disagree,Slightly Agree,Slightly Disagree,Slightly Agree,Slightly Disagree,Slightly Disagree,Slightly Agree,Definitely Disagree,Slightly Disagree,Slightly Agree,Slightly Agree,Slightly Agree,Slightly Disagree,Slightly Agree,Slightly Agree,Slightly Disagree,Slightly Disagree,Slightly Agree,Definitely Agree,Slightly Disagree,Definitely Agree,Definitely Disagree,Slightly Agree,Slightly Agree,Slightly Agree,Slightly Disagree,Slightly Agree,Slightly Disagree,Slightly Disagree,Slightly Disagree,Slightly Agree,Slightly Agree,Slightly Disagree,Slightly Agree,Slightly Agree,Slightly Disagree,Slightly Agree,1,0,1,0,1,1,0,0,1,0,0,1,1,1,0,0,0,0,0,1,0,0,1,0,0,0,0,0,1,1,0,0,0,0,0,0,0,0,0,0,0,0,0,0,1,0,0,0,1,0,3,0,8,0,3,2,14
111,Slightly Disagree,Definitely Agree,Definitely Disagree,Slightly Disagree,Definitely Agree,Definitely Disagree,Definitely Disagree,Slightly Disagree,Definitely Disagree,Slightly Agree,Definitely Agree,Slightly Agree,Definitely Disagree,Definitely Agree,Definitely Disagree,Slightly Agree,Slightly Agree,Slightly Agree,Definitely Disagree,Slightly Agree,Definitely Disagree,Definitely Disagree,Slightly Disagree,Definitely Agree,Slightly Disagree,Definitely Disagree,Definitely Agree,Definitely Agree,Slightly Disagree,Definitely Disagree,Definitely Agree,Definitely Agree,Definitely Disagree,Slightly Agree,Definitely Disagree,Definitely Agree,Definitely Agree,Definitely Agree,Definitely Disagree,Definitely Agree,Definitely Disagree,Definitely Disagree,Slightly Disagree,Definitely Agree,Definitely Disagree,Definitely Disagree,Slightly Agree,Definitely Agree,Definitely Agree,Definitely Disagree,0,1,1,0,1,0,0,1,0,0,0,1,0,0,1,1,0,1,0,1,0,0,0,0,1,0,0,0,1,1,0,0,0,0,0,0,0,0,0,0,0,0,0,0,0,0,0,0,0,1,1,3,4,1,4,2,13
112,Definitely Disagree,Slightly Agree,Slightly Disagree,Slightly Agree,Definitely Agree,Definitely Agree,Definitely Disagree,Slightly Disagree,Definitely Disagree,Slightly Agree,Definitely Disagree,Definitely Agree,Definitely Agree,Definitely Disagree,Definitely Disagree,Slightly Disagree,Definitely Disagree,Slightly Disagree,Definitely Disagree,Slightly Agree,Definitely Disagree,Definitely Agree,Slightly Agree,Definitely Agree,Slightly Disagree,Slightly Agree,Definitely Agree,Slightly Agree,Definitely Disagree,Definitely Disagree,Slightly Agree,Slightly Disagree,Definitely Agree,Definitely Disagree,Slightly Disagree,Slightly Agree,Slightly Disagree,Slightly Disagree,Slightly Disagree,Definitely Disagree,Slightly Disagree,Slightly Agree,Slightly Agree,Definitely Disagree,Slightly Disagree,Definitely Agree,Definitely Disagree,Slightly Disagree,Slightly Disagree,Slightly Agree,0,1,1,1,1,1,0,1,0,0,1,1,1,1,1,0,1,0,0,1,0,1,1,0,1,1,0,0,1,1,0,1,1,1,0,0,1,1,0,1,0,1,1,1,0,1,1,1,1,0,7,8,7,4,6,7,32
113,Slightly Agree,Definitely Agree,Definitely Agree,Slightly Agree,Slightly Disagree,Slightly Agree,Slightly Disagree,Definitely Agree,Slightly Disagree,Definitely Disagree,Definitely Disagree,Slightly Agree,Slightly Agree,Slightly Disagree,Slightly Disagree,Slightly Disagree,Slightly Agree,Definitely Disagree,Definitely Disagree,Slightly Disagree,Slightly Agree,Definitely Agree,Slightly Agree,Slightly Agree,Definitely Agree,Slightly Agree,Slightly Agree,Slightly Agree,Slightly Disagree,Slightly Disagree,Definitely Agree,Definitely Agree,Definitely Disagree,Slightly Agree,Slightly Disagree,Slightly Agree,Slightly Agree,Slightly Agree,Slightly Disagree,Slightly Agree,Definitely Disagree,Definitely Agree,Slightly Agree,Definitely Disagree,Slightly Disagree,Slightly Agree,Slightly Disagree,Slightly Agree,Definitely Disagree,Definitely Agree,1,1,0,1,0,1,0,0,0,1,1,1,1,1,1,0,0,0,0,0,1,1,1,0,0,1,0,0,1,1,0,0,0,0,0,0,0,0,0,0,0,1,1,1,0,1,1,0,1,0,7,5,6,1,3,3,22
114,Slightly Agree,Definitely Disagree,Slightly Agree,Definitely Disagree,Definitely Disagree,Slightly Agree,Definitely Disagree,Definitely Disagree,Definitely Disagree,Slightly Disagree,Slightly Agree,Slightly Agree,Slightly Disagree,Slightly Agree,Slightly Disagree,Definitely Disagree,Definitely Agree,Slightly Disagree,Slightly Disagree,Slightly Disagree,Slightly Disagree,Definitely Disagree,Definitely Disagree,Definitely Agree,Definitely Agree,Slightly Disagree,Slightly Agree,Slightly Disagree,Slightly Disagree,Slightly Agree,Definitely Agree,Definitely Agree,Slightly Disagree,Definitely Agree,Slightly Agree,Slightly Agree,Definitely Agree,Definitely Agree,Definitely Disagree,Definitely Agree,Slightly Disagree,Slightly Disagree,Slightly Disagree,Definitely Agree,Slightly Disagree,Slightly Disagree,Definitely Agree,Definitely Disagree,Slightly Agree,Slightly Agree,1,0,0,0,0,1,0,1,0,1,0,1,0,0,1,0,0,0,0,0,0,0,0,0,0,0,0,1,1,0,0,0,0,0,1,0,0,0,0,0,0,0,0,0,0,0,0,1,0,0,3,1,4,1,1,2,10
115,Definitely Disagree,Slightly Agree,Slightly Agree,Slightly Disagree,Slightly Disagree,Definitely Agree,Definitely Disagree,Definitely Agree,Definitely Agree,Slightly Agree,Slightly Disagree,Slightly Disagree,Slightly Disagree,Definitely Disagree,Definitely Agree,Slightly Disagree,Definitely Agree,Slightly Agree,Definitely Disagree,Definitely Agree,Definitely Disagree,Definitely Agree,Slightly Agree,Slightly Disagree,Slightly Disagree,Definitely Agree,Definitely Agree,Definitely Agree,Definitely Agree,Slightly Disagree,Definitely Agree,Definitely Agree,Definitely Disagree,Definitely Agree,Slightly Agree,Definitely Agree,Definitely Agree,Slightly Disagree,Slightly Disagree,Slightly Disagree,Slightly Disagree,Definitely Disagree,Definitely Agree,Definitely Agree,Definitely Disagree,Slightly Agree,Slightly Disagree,Definitely Agree,Slightly Agree,Slightly Disagree,0,1,0,0,0,1,0,0,1,0,1,0,0,1,0,0,0,1,0,1,0,1,1,1,1,1,0,0,0,1,0,0,0,0,1,0,0,1,0,1,0,0,1,0,0,1,1,0,0,1,3,4,4,4,5,5,20
116,Slightly Agree,Slightly Disagree,Definitely Agree,Slightly Agree,Slightly Disagree,Slightly Disagree,Definitely Disagree,Definitely Agree,Definitely Disagree,Slightly Agree,Slightly Agree,Slightly Agree,Slightly Disagree,Definitely Agree,Slightly Agree,Slightly Disagree,Definitely Agree,Slightly Disagree,Slightly Disagree,Definitely Agree,Definitely Disagree,Slightly Agree,Slightly Disagree,Slightly Agree,Slightly Agree,Definitely Disagree,Definitely Agree,Definitely Agree,Slightly Agree,Slightly Disagree,Definitely Agree,Slightly Agree,Slightly Disagree,Definitely Agree,Slightly Disagree,Definitely Agree,Definitely Agree,Definitely Agree,Slightly Disagree,Definitely Agree,Definitely Disagree,Definitely Disagree,Slightly Disagree,Slightly Agree,Slightly Disagree,Slightly Agree,Slightly Agree,Slightly Agree,Slightly Agree,Definitely Agree,1,0,0,1,0,0,0,0,0,0,0,1,0,0,0,0,0,0,0,1,0,1,0,0,0,0,0,0,0,1,0,0,0,0,0,0,0,0,0,0,0,0,0,0,0,1,0,0,0,0,2,2,2,0,1,2,7
117,Slightly Disagree,Slightly Agree,Slightly Disagree,Slightly Disagree,Definitely Disagree,Definitely Disagree,Definitely Disagree,Slightly Agree,Definitely Disagree,Slightly Agree,Slightly Agree,Definitely Disagree,Definitely Disagree,Slightly Disagree,Slightly Agree,Slightly Disagree,Slightly Disagree,Slightly Disagree,Definitely Disagree,Slightly Disagree,Definitely Disagree,Definitely Disagree,Slightly Disagree,Slightly Disagree,Slightly Agree,Slightly Disagree,Slightly Disagree,Slightly Agree,Definitely Agree,Slightly Agree,Slightly Agree,Slightly Agree,Slightly Disagree,Slightly Agree,Slightly Disagree,Slightly Agree,Slightly Disagree,Slightly Disagree,Definitely Disagree,Slightly Agree,Definitely Disagree,Slightly Agree,Slightly Agree,Slightly Agree,Slightly Disagree,Slightly Agree,Slightly Disagree,Slightly Disagree,Definitely Agree,Slightly Disagree,0,1,1,0,0,0,0,0,0,0,0,0,0,1,0,0,1,0,0,0,0,0,0,1,0,0,1,0,0,0,0,0,0,0,0,0,1,1,0,0,0,1,1,0,0,1,1,1,0,1,2,4,0,3,5,2,14
118,Slightly Agree,Slightly Disagree,Slightly Agree,Slightly Agree,Slightly Disagree,Definitely Disagree,Definitely Disagree,Definitely Agree,Definitely Disagree,Slightly Agree,Slightly Agree,Slightly Disagree,Slightly Disagree,Slightly Agree,Definitely Agree,Definitely Disagree,Definitely Agree,Slightly Agree,Definitely Disagree,Definitely Agree,Slightly Disagree,Slightly Disagree,Definitely Disagree,Slightly Agree,Slightly Agree,Slightly Disagree,Definitely Agree,Slightly Agree,Definitely Agree,Slightly Disagree,Definitely Disagree,Definitely Agree,Definitely Disagree,Slightly Agree,Definitely Disagree,Definitely Agree,Slightly Agree,Definitely Agree,Slightly Disagree,Definitely Agree,Definitely Disagree,Slightly Disagree,Definitely Disagree,Definitely Agree,Definitely Disagree,Slightly Agree,Slightly Agree,Definitely Agree,Slightly Agree,Slightly Agree,1,0,0,1,0,0,0,0,0,0,0,0,0,0,0,0,0,1,0,1,0,0,0,0,0,0,0,0,0,1,1,0,0,0,0,0,0,0,0,0,0,0,0,0,0,1,0,0,0,0,1,2,1,2,1,1,7
119,Slightly Agree,Definitely Disagree,Slightly Disagree,Definitely Disagree,Definitely Agree,Definitely Disagree,Definitely Disagree,Slightly Agree,Definitely Disagree,Slightly Disagree,Slightly Agree,Slightly Disagree,Definitely Disagree,Slightly Disagree,Slightly Agree,Definitely Disagree,Definitely Agree,Slightly Disagree,Slightly Disagree,Slightly Agree,Definitely Disagree,Definitely Disagree,Definitely Disagree,Slightly Agree,Slightly Agree,Definitely Disagree,Definitely Agree,Slightly Agree,Slightly Disagree,Slightly Disagree,Definitely Agree,Definitely Agree,Slightly Disagree,Definitely Agree,Slightly Agree,Definitely Agree,Slightly Agree,Slightly Agree,Definitely Disagree,Slightly Agree,Slightly Disagree,Slightly Disagree,Definitely Disagree,Definitely Agree,Slightly Agree,Slightly Disagree,Definitely Agree,Definitely Agree,Slightly Agree,Slightly Agree,1,0,1,0,1,0,0,0,0,1,0,0,0,1,0,0,0,0,0,1,0,0,0,0,0,0,0,0,1,1,0,0,0,0,1,0,0,0,0,0,0,0,0,0,1,0,0,0,0,0,2,1,3,1,3,3,10
120,Slightly Agree,Slightly Disagree,Definitely Agree,Definitely Disagree,Definitely Disagree,Slightly Agree,Definitely Disagree,Definitely Agree,Slightly Disagree,Definitely Agree,Slightly Agree,Slightly Agree,Slightly Disagree,Slightly Disagree,Definitely Agree,Definitely Disagree,Definitely Agree,Definitely Disagree,Slightly Disagree,Slightly Agree,Definitely Disagree,Slightly Agree,Slightly Agree,Definitely Agree,Slightly Agree,Slightly Disagree,Definitely Agree,Definitely Agree,Definitely Disagree,Definitely Disagree,Definitely Agree,Definitely Agree,Definitely Disagree,Slightly Agree,Slightly Disagree,Definitely Agree,Definitely Agree,Slightly Agree,Definitely Disagree,Definitely Agree,Definitely Disagree,Definitely Disagree,Slightly Agree,Slightly Agree,Definitely Disagree,Slightly Agree,Slightly Agree,Definitely Agree,Definitely Disagree,Definitely Agree,1,0,0,0,0,1,0,0,0,0,0,1,0,1,0,0,0,0,0,1,0,1,1,0,0,0,0,0,1,1,0,0,0,0,0,0,0,0,0,0,0,0,1,0,0,1,0,0,1,0,2,2,6,0,2,2,12
121,Definitely Agree,Definitely Agree,Slightly Agree,Definitely Disagree,Definitely Disagree,Slightly Agree,Definitely Disagree,Slightly Agree,Slightly Disagree,Definitely Agree,Definitely Agree,Slightly Agree,Definitely Disagree,Slightly Disagree,Definitely Agree,Definitely Disagree,Definitely Agree,Slightly Agree,Slightly Disagree,Slightly Agree,Definitely Disagree,Slightly Disagree,Slightly Disagree,Definitely Agree,Slightly Agree,Slightly Disagree,Slightly Agree,Definitely Agree,Slightly Disagree,Slightly Disagree,Definitely Agree,Definitely Agree,Definitely Disagree,Definitely Agree,Definitely Disagree,Definitely Agree,Definitely Agree,Definitely Agree,Slightly Disagree,Slightly Disagree,Definitely Disagree,Slightly Disagree,Definitely Disagree,Definitely Agree,Definitely Disagree,Slightly Agree,Definitely Agree,Slightly Agree,Definitely Agree,Slightly Agree,1,1,0,0,0,1,0,0,0,0,0,1,0,1,0,0,0,1,0,1,0,0,0,0,0,0,0,0,1,1,0,0,0,0,0,0,0,0,0,1,0,0,0,0,0,1,0,0,0,0,1,2,4,1,3,2,11
122,Slightly Agree,Slightly Disagree,Slightly Disagree,Slightly Disagree,Definitely Disagree,Definitely Disagree,Definitely Disagree,Definitely Disagree,Definitely Disagree,Slightly Disagree,Definitely Disagree,Definitely Disagree,Slightly Disagree,Definitely Disagree,Slightly Agree,Slightly Disagree,Slightly Agree,Slightly Agree,Slightly Disagree,Slightly Disagree,Slightly Disagree,Slightly Disagree,Slightly Disagree,Slightly Disagree,Slightly Agree,Slightly Agree,Slightly Agree,Slightly Disagree,Definitely Agree,Slightly Disagree,Slightly Agree,Slightly Disagree,Slightly Disagree,Slightly Disagree,Slightly Agree,Slightly Agree,Slightly Agree,Slightly Agree,Slightly Disagree,Slightly Agree,Slightly Disagree,Slightly Disagree,Slightly Agree,Slightly Agree,Slightly Disagree,Slightly Agree,Slightly Agree,Slightly Agree,Slightly Agree,Slightly Disagree,1,0,1,0,0,0,0,1,0,1,1,0,0,1,0,0,0,1,0,0,0,0,0,1,0,1,0,1,0,1,0,1,0,1,1,0,0,0,0,0,0,0,1,0,0,1,0,0,0,1,2,5,2,3,5,3,17
123,Slightly Disagree,Definitely Agree,Definitely Agree,Slightly Agree,Definitely Disagree,Slightly Agree,Slightly Disagree,Slightly Agree,Definitely Disagree,Definitely Disagree,Slightly Disagree,Definitely Agree,Slightly Disagree,Slightly Disagree,Slightly Disagree,Slightly Disagree,Definitely Disagree,Slightly Disagree,Slightly Agree,Slightly Disagree,Slightly Disagree,Definitely Agree,Slightly Agree,Definitely Disagree,Slightly Disagree,Definitely Agree,Slightly Disagree,Slightly Disagree,Definitely Disagree,Slightly Disagree,Slightly Agree,Slightly Agree,Slightly Agree,Slightly Disagree,Slightly Disagree,Slightly Agree,Slightly Agree,Definitely Disagree,Slightly Agree,Slightly Disagree,Slightly Disagree,Slightly Agree,Definitely Agree,Definitely Disagree,Slightly Agree,Definitely Agree,Slightly Disagree,Slightly Disagree,Definitely Disagree,Definitely Disagree,0,1,0,1,0,1,0,0,0,1,1,1,0,1,1,0,1,0,1,0,0,1,1,1,1,1,1,1,1,1,0,0,1,1,0,0,0,1,1,1,0,1,1,1,1,1,1,1,1,1,7,7,8,6,5,6,33
124,Slightly Agree,Slightly Agree,Definitely Agree,Definitely Agree,Definitely Agree,Definitely Agree,Slightly Disagree,Definitely Agree,Slightly Agree,Definitely Disagree,Slightly Disagree,Definitely Agree,Slightly Agree,Definitely Agree,Slightly Agree,Slightly Agree,Definitely Agree,Definitely Agree,Slightly Agree,Slightly Agree,Slightly Agree,Slightly Disagree,Definitely Agree,Slightly Disagree,Slightly Disagree,Slightly Agree,Slightly Agree,Definitely Disagree,Slightly Disagree,Slightly Disagree,Slightly Agree,Slightly Agree,Slightly Agree,Slightly Agree,Slightly Agree,Slightly Agree,Slightly Agree,Slightly Agree,Slightly Agree,Definitely Agree,Slightly Agree,Slightly Agree,Slightly Agree,Slightly Agree,Slightly Agree,Slightly Agree,Slightly Agree,Slightly Agree,Slightly Agree,Definitely Agree,1,1,0,1,1,1,0,0,1,1,1,1,1,0,0,1,0,1,1,1,1,0,1,1,1,1,0,1,1,1,0,0,1,0,1,0,0,0,1,0,1,1,1,0,1,1,0,0,0,0,4,7,9,5,5,5,30
125,Slightly Agree,Definitely Agree,Definitely Agree,Definitely Agree,Definitely Agree,Slightly Agree,Slightly Disagree,Definitely Agree,Slightly Disagree,Slightly Agree,Slightly Agree,Definitely Agree,Definitely Agree,Definitely Agree,Definitely Agree,Definitely Agree,Definitely Agree,Slightly Agree,Definitely Disagree,Definitely Agree,Definitely Disagree,Slightly Agree,Definitely Agree,Definitely Agree,Slightly Disagree,Slightly Agree,Slightly Agree,Slightly Disagree,Slightly Disagree,Definitely Disagree,Slightly Agree,Slightly Disagree,Definitely Disagree,Slightly Disagree,Slightly Agree,Slightly Agree,Slightly Agree,Slightly Agree,Definitely Agree,Definitely Agree,Slightly Disagree,Slightly Disagree,Slightly Agree,Slightly Agree,Slightly Agree,Slightly Agree,Slightly Agree,Definitely Agree,Definitely Disagree,Definitely Agree,1,1,0,1,1,1,0,0,0,0,0,1,1,0,0,1,0,1,0,1,0,1,1,0,1,1,0,1,1,1,0,1,0,1,1,0,0,0,1,0,0,0,1,0,1,1,0,0,1,0,4,8,8,4,1,5,25
126,Definitely Agree,Definitely Agree,Definitely Agree,Slightly Disagree,Definitely Agree,Definitely Agree,Definitely Disagree,Definitely Agree,Definitely Disagree,Slightly Disagree,Slightly Disagree,Definitely Agree,Definitely Disagree,Slightly Agree,Slightly Disagree,Definitely Agree,Slightly Agree,Definitely Disagree,Slightly Agree,Definitely Agree,Definitely Disagree,Slightly Disagree,Definitely Agree,Definitely Disagree,Definitely Disagree,Slightly Disagree,Definitely Agree,Definitely Disagree,Definitely Disagree,Definitely Disagree,Definitely Agree,Slightly Agree,Definitely Disagree,Definitely Disagree,Slightly Agree,Definitely Agree,Slightly Disagree,Slightly Disagree,Definitely Agree,Definitely Disagree,Definitely Disagree,Definitely Agree,Definitely Agree,Slightly Agree,Slightly Agree,Definitely Agree,Slightly Disagree,Definitely Agree,Definitely Disagree,Definitely Disagree,1,1,0,0,1,1,0,0,0,1,1,1,0,0,1,1,0,0,1,1,0,0,1,1,1,0,0,1,1,1,0,0,0,1,1,0,1,1,1,1,0,1,1,0,1,1,1,0,1,1,5,8,9,3,5,7,30
127,Definitely Agree,Definitely Agree,Slightly Disagree,Slightly Disagree,Slightly Disagree,Slightly Agree,Slightly Agree,Slightly Disagree,Slightly Agree,Slightly Agree,Slightly Agree,Slightly Agree,Slightly Disagree,Slightly Disagree,Slightly Disagree,Definitely Disagree,Slightly Disagree,Slightly Disagree,Slightly Disagree,Slightly Agree,Definitely Disagree,Definitely Disagree,Slightly Agree,Slightly Agree,Definitely Disagree,Slightly Agree,Slightly Disagree,Slightly Agree,Slightly Disagree,Definitely Disagree,Definitely Agree,Definitely Agree,Definitely Disagree,Definitely Disagree,Slightly Agree,Definitely Agree,Definitely Agree,Slightly Disagree,Definitely Disagree,Definitely Agree,Definitely Agree,Slightly Agree,Definitely Agree,Definitely Agree,Slightly Agree,Definitely Agree,Definitely Agree,Slightly Disagree,Definitely Disagree,Slightly Disagree,1,1,1,0,0,1,1,1,1,0,0,1,0,1,1,0,1,0,0,1,0,0,1,0,1,1,1,0,1,1,0,0,0,1,1,0,0,1,0,0,1,1,1,0,1,1,0,1,1,1,4,5,7,6,7,3,29
128,2,3,3,3,2,3,4,2,4,2,2,3,4,3,2,3,2,2,3,2,3,3,3,3,2,3,1,2,3,3,4,1,4,2,4,2,1,2,4,4,4,2,3,2,4,4,2,1,2,2,1,0,1,0,1,0,0,0,0,0,0,0,0,1,0,0,0,1,0,1,0,0,0,1,0,0,0,0,1,1,1,0,0,0,0,0,0,0,0,1,0,1,0,0,0,0,0,0,0,0,1,0,3,2,6,3,12
129,3,3,4,3,4,3,4,2,4,3,2,2,3,3,2,4,1,1,4,2,3,3,4,1,1,3,2,4,3,3,3,1,4,2,4,2,2,1,3,4,4,2,3,2,3,4,1,1,4,2,0,0,1,0,0,0,0,0,0,1,0,1,0,1,0,0,0,1,0,1,0,0,0,0,0,0,0,1,1,1,1,0,0,0,0,0,0,0,0,1,0,1,0,0,0,0,0,0,1,0,0,1,5,2,5,4,13
